Serial_Number,Part_Number,Start_Date_Time,Operation,TestStation,Site,LotNumber_9,Mapper_Average_Mapper_PL_Lambda2,operator,part_number,serial_number,start_date_time
,,2019-06-18T01:41:44,LD-EML_F2_Format2,LD-EML,350,,5000.0,工程,,エピNo.,2019-06-18T01:41:44
,,2019-06-18T06:09:47,LD-EML_F2_Format2,LD-EML,350,,5000.0,工程,,エピNo.,2019-06-18T06:09:47
,,2019-06-18T14:01:16,LD-EML_F2_Format2,LD-EML,350,,5000.0,工程,,エピNo.,2019-06-18T14:01:16
,,2019-06-18T18:37:32,LD-EML_F2_Format2,LD-EML,350,,5000.0,工程,,エピNo.,2019-06-18T18:37:32
,,2019-06-18T22:43:17,LD-EML_F2_Format2,LD-EML,350,,5000.0,工程,,エピNo.,2019-06-18T22:43:17
,,2019-06-19T03:34:44,LD-EML_F2_Format2,LD-EML,350,,5000.0,工程,,エピNo.,2019-06-19T03:34:44
,,2019-06-18T14:01:16,LD-EML_F2_Format2,LD-EML,350,,5000.0,工程,,エピNo.,2019-06-18T14:01:16
,,2019-04-05T17:15:21,LD-EML_F2_Format2,LD-EML,350,,5000.0,工程,,エピNo.,2019-04-05T17:15:21
,,2019-04-06T02:17:58,LD-EML_F2_Format2,LD-EML,350,,5000.0,工程,,エピNo.,2019-04-06T02:17:58
,,2019-04-06T07:52:43,LD-EML_F2_Format2,LD-EML,350,,5000.0,工程,,エピNo.,2019-04-06T07:52:43
,,2019-04-06T11:04:28,LD-EML_F2_Format2,LD-EML,350,,5000.0,工程,,エピNo.,2019-04-06T11:04:28
,,2019-04-06T15:23:12,LD-EML_F2_Format2,LD-EML,350,,5000.0,工程,,エピNo.,2019-04-06T15:23:12
,,2019-04-06T19:24:23,LD-EML_F2_Format2,LD-EML,350,,5000.0,工程,,エピNo.,2019-04-06T19:24:23
,,2019-04-07T00:04:44,LD-EML_F2_Format2,LD-EML,350,,5000.0,工程,,エピNo.,2019-04-07T00:04:44
,,2019-04-07T04:16:44,LD-EML_F2_Format2,LD-EML,350,,5000.0,工程,,エピNo.,2019-04-07T04:16:44
,,2019-04-07T13:16:52,LD-EML_F2_Format2,LD-EML,350,,5000.0,工程,,エピNo.,2019-04-07T13:16:52
,,2019-04-07T17:17:34,LD-EML_F2_Format2,LD-EML,350,,5000.0,工程,,エピNo.,2019-04-07T17:17:34
,,2019-04-07T22:37:15,LD-EML_F2_Format2,LD-EML,350,,5000.0,工程,,エピNo.,2019-04-07T22:37:15
,,2019-04-08T02:58:03,LD-EML_F2_Format2,LD-EML,350,,5000.0,工程,,エピNo.,2019-04-08T02:58:03
,,2019-04-08T07:24:58,LD-EML_F2_Format2,LD-EML,350,,5000.0,工程,,エピNo.,2019-04-08T07:24:58
,,2019-04-08T13:19:40,LD-EML_F2_Format2,LD-EML,350,,5000.0,工程,,エピNo.,2019-04-08T13:19:40
,,2019-04-07T22:37:15,LD-EML_F2_Format2,LD-EML,350,,5000.0,工程,,エピNo.,2019-04-07T22:37:15
,,2019-04-07T22:37:15,LD-EML_F2_Format2,LD-EML,350,,5000.0,工程,,エピNo.,2019-04-07T22:37:15
,,2019-06-29T10:41:59,LD-EML_F2_Format2,LD-EML,350,,5000.0,工程,,エピNo.,2019-06-29T10:41:59
,,2016-10-20T03:28:08,LD-EML_F2_Format2,LD-EML,350,,5000.0,工程,,エピNo.,2016-10-20T03:28:08
,,2016-10-20T12:00:03,LD-EML_F2_Format2,LD-EML,350,,5000.0,工程,,エピNo.,2016-10-20T12:00:03
,,2016-10-20T15:57:48,LD-EML_F2_Format2,LD-EML,350,,5000.0,工程,,エピNo.,2016-10-20T15:57:48
,,2016-10-27T04:45:32,LD-EML_F2_Format2,LD-EML,350,,5000.0,工程,,エピNo.,2016-10-27T04:45:32
,,2016-10-27T12:09:39,LD-EML_F2_Format2,LD-EML,350,,5000.0,工程,,エピNo.,2016-10-27T12:09:39
,,2016-10-27T16:40:08,LD-EML_F2_Format2,LD-EML,350,,5000.0,工程,,エピNo.,2016-10-27T16:40:08
,,2016-10-27T23:49:17,LD-EML_F2_Format2,LD-EML,350,,5000.0,工程,,エピNo.,2016-10-27T23:49:17
,,2016-10-28T03:30:20,LD-EML_F2_Format2,LD-EML,350,,5000.0,工程,,エピNo.,2016-10-28T03:30:20
,,2016-10-28T12:58:40,LD-EML_F2_Format2,LD-EML,350,,5000.0,工程,,エピNo.,2016-10-28T12:58:40
,,2016-10-28T17:17:15,LD-EML_F2_Format2,LD-EML,350,,5000.0,工程,,エピNo.,2016-10-28T17:17:15
,,2016-11-09T13:47:05,LD-EML_F2_Format2,LD-EML,350,,5000.0,工程,,エピNo.,2016-11-09T13:47:05
,,2016-11-09T15:37:57,LD-EML_F2_Format2,LD-EML,350,,5000.0,工程,,エピNo.,2016-11-09T15:37:57
,,2016-11-09T23:22:12,LD-EML_F2_Format2,LD-EML,350,,5000.0,工程,,エピNo.,2016-11-09T23:22:12
,,2016-11-10T03:33:48,LD-EML_F2_Format2,LD-EML,350,,5000.0,工程,,エピNo.,2016-11-10T03:33:48
,,2016-11-10T09:02:34,LD-EML_F2_Format2,LD-EML,350,,5000.0,工程,,エピNo.,2016-11-10T09:02:34
,,2016-11-10T13:04:24,LD-EML_F2_Format2,LD-EML,350,,5000.0,工程,,エピNo.,2016-11-10T13:04:24
,,2016-11-10T18:04:24,LD-EML_F2_Format2,LD-EML,350,,5000.0,工程,,エピNo.,2016-11-10T18:04:24
,,2016-11-10T23:05:15,LD-EML_F2_Format2,LD-EML,350,,5000.0,工程,,エピNo.,2016-11-10T23:05:15
,,1195-1404,LD-EML_F2_Format2,LD-EML,350,,5000.0,工程,,エピNo.,1195-1404
,,1195-1404,LD-EML_F2_Format2,LD-EML,350,,5000.0,工程,,エピNo.,1195-1404
,,1175-1384,LD-EML_F2_Format2,LD-EML,350,,5000.0,工程,,エピNo.,1175-1384
,,1175-1384,LD-EML_F2_Format2,LD-EML,350,,5000.0,工程,,エピNo.,1175-1384
,,1175-1384,LD-EML_F2_Format2,LD-EML,350,,5000.0,工程,,エピNo.,1175-1384
,,1195-1404,LD-EML_F2_Format2,LD-EML,350,,5000.0,工程,,エピNo.,1195-1404
,,2016-05-25T06:05:21,LD-EML_F2_Format2,LD-EML,350,,5000.0,工程,,エピNo.,2016-05-25T06:05:21
,,2016-05-25T13:37:57,LD-EML_F2_Format2,LD-EML,350,,5000.0,工程,,エピNo.,2016-05-25T13:37:57
,,2016-05-25T17:47:31,LD-EML_F2_Format2,LD-EML,350,,5000.0,工程,,エピNo.,2016-05-25T17:47:31
,,2016-05-26T05:20:57,LD-EML_F2_Format2,LD-EML,350,,5000.0,工程,,エピNo.,2016-05-26T05:20:57
,,2016-07-21T23:21:07,LD-EML_F2_Format2,LD-EML,350,,5000.0,工程,,エピNo.,2016-07-21T23:21:07
,,2016-07-22T04:10:08,LD-EML_F2_Format2,LD-EML,350,,5000.0,工程,,エピNo.,2016-07-22T04:10:08
,,2016-07-22T11:49:19,LD-EML_F2_Format2,LD-EML,350,,5000.0,工程,,エピNo.,2016-07-22T11:49:19
,,2016-07-22T20:52:52,LD-EML_F2_Format2,LD-EML,350,,5000.0,工程,,エピNo.,2016-07-22T20:52:52
,,2016-07-23T01:05:44,LD-EML_F2_Format2,LD-EML,350,,5000.0,工程,,エピNo.,2016-07-23T01:05:44
,,2016-07-25T04:38:23,LD-EML_F2_Format2,LD-EML,350,,5000.0,工程,,エピNo.,2016-07-25T04:38:23
,,2016-07-25T11:44:12,LD-EML_F2_Format2,LD-EML,350,,5000.0,工程,,エピNo.,2016-07-25T11:44:12
,,2016-08-01T03:51:55,LD-EML_F2_Format2,LD-EML,350,,5000.0,工程,,エピNo.,2016-08-01T03:51:55
,,2016-08-01T11:47:11,LD-EML_F2_Format2,LD-EML,350,,5000.0,工程,,エピNo.,2016-08-01T11:47:11
,,2016-08-01T16:12:43,LD-EML_F2_Format2,LD-EML,350,,5000.0,工程,,エピNo.,2016-08-01T16:12:43
,,2016-08-02T00:29:12,LD-EML_F2_Format2,LD-EML,350,,5000.0,工程,,エピNo.,2016-08-02T00:29:12
,,2016-08-03T01:27:23,LD-EML_F2_Format2,LD-EML,350,,5000.0,工程,,エピNo.,2016-08-03T01:27:23
,,2016-08-03T05:35:35,LD-EML_F2_Format2,LD-EML,350,,5000.0,工程,,エピNo.,2016-08-03T05:35:35
,,2016-08-08T21:01:54,LD-EML_F2_Format2,LD-EML,350,,5000.0,工程,,エピNo.,2016-08-08T21:01:54
,,2016-08-09T13:17:37,LD-EML_F2_Format2,LD-EML,350,,5000.0,工程,,エピNo.,2016-08-09T13:17:37
,,2016-08-09T21:09:47,LD-EML_F2_Format2,LD-EML,350,,5000.0,工程,,エピNo.,2016-08-09T21:09:47
,,2016-08-10T01:10:07,LD-EML_F2_Format2,LD-EML,350,,5000.0,工程,,エピNo.,2016-08-10T01:10:07
,,2016-08-10T17:31:03,LD-EML_F2_Format2,LD-EML,350,,5000.0,工程,,エピNo.,2016-08-10T17:31:03
,,2016-08-18T15:22:53,LD-EML_F2_Format2,LD-EML,350,,5000.0,工程,,エピNo.,2016-08-18T15:22:53
,,2016-08-18T21:22:42,LD-EML_F2_Format2,LD-EML,350,,5000.0,工程,,エピNo.,2016-08-18T21:22:42
,,2016-08-19T05:20:31,LD-EML_F2_Format2,LD-EML,350,,5000.0,工程,,エピNo.,2016-08-19T05:20:31
,,2016-08-19T14:44:52,LD-EML_F2_Format2,LD-EML,350,,5000.0,工程,,エピNo.,2016-08-19T14:44:52
,,2016-08-20T00:29:36,LD-EML_F2_Format2,LD-EML,350,,5000.0,工程,,エピNo.,2016-08-20T00:29:36
,,2016-08-22T04:48:16,LD-EML_F2_Format2,LD-EML,350,,5000.0,工程,,エピNo.,2016-08-22T04:48:16
,,2016-08-22T12:05:43,LD-EML_F2_Format2,LD-EML,350,,5000.0,工程,,エピNo.,2016-08-22T12:05:43
,,2016-08-22T18:43:01,LD-EML_F2_Format2,LD-EML,350,,5000.0,工程,,エピNo.,2016-08-22T18:43:01
,,2016-08-22T22:58:47,LD-EML_F2_Format2,LD-EML,350,,5000.0,工程,,エピNo.,2016-08-22T22:58:47
,,2016-08-23T04:15:36,LD-EML_F2_Format2,LD-EML,350,,5000.0,工程,,エピNo.,2016-08-23T04:15:36
,,2016-10-07T04:48:49,LD-EML_F2_Format2,LD-EML,350,,5000.0,工程,,エピNo.,2016-10-07T04:48:49
,,2016-10-07T13:39:15,LD-EML_F2_Format2,LD-EML,350,,5000.0,工程,,エピNo.,2016-10-07T13:39:15
,,2016-10-08T09:18:04,LD-EML_F2_Format2,LD-EML,350,,5000.0,工程,,エピNo.,2016-10-08T09:18:04
,,2016-10-08T13:14:12,LD-EML_F2_Format2,LD-EML,350,,5000.0,工程,,エピNo.,2016-10-08T13:14:12
,,2016-10-09T03:53:29,LD-EML_F2_Format2,LD-EML,350,,5000.0,工程,,エピNo.,2016-10-09T03:53:29
,,2016-10-09T08:16:59,LD-EML_F2_Format2,LD-EML,350,,5000.0,工程,,エピNo.,2016-10-09T08:16:59
,,2016-10-15T05:16:52,LD-EML_F2_Format2,LD-EML,350,,5000.0,工程,,エピNo.,2016-10-15T05:16:52
,,2016-10-19T03:31:59,LD-EML_F2_Format2,LD-EML,350,,5000.0,工程,,エピNo.,2016-10-19T03:31:59
,,2016-10-19T12:12:55,LD-EML_F2_Format2,LD-EML,350,,5000.0,工程,,エピNo.,2016-10-19T12:12:55
,,2016-10-19T16:16:14,LD-EML_F2_Format2,LD-EML,350,,5000.0,工程,,エピNo.,2016-10-19T16:16:14
,,2016-10-19T23:28:31,LD-EML_F2_Format2,LD-EML,350,,5000.0,工程,,エピNo.,2016-10-19T23:28:31
,,2016-11-16T15:14:46,LD-EML_F2_Format2,LD-EML,350,,5000.0,工程,,エピNo.,2016-11-16T15:14:46
,,2016-11-16T19:18:31,LD-EML_F2_Format2,LD-EML,350,,5000.0,工程,,エピNo.,2016-11-16T19:18:31
,,2016-11-16T23:24:30,LD-EML_F2_Format2,LD-EML,350,,5000.0,工程,,エピNo.,2016-11-16T23:24:30
,,2016-11-17T07:50:26,LD-EML_F2_Format2,LD-EML,350,,5000.0,工程,,エピNo.,2016-11-17T07:50:26
,,2016-11-17T12:59:06,LD-EML_F2_Format2,LD-EML,350,,5000.0,工程,,エピNo.,2016-11-17T12:59:06
,,2016-11-17T17:10:08,LD-EML_F2_Format2,LD-EML,350,,5000.0,工程,,エピNo.,2016-11-17T17:10:08
,,2016-11-18T05:41:51,LD-EML_F2_Format2,LD-EML,350,,5000.0,工程,,エピNo.,2016-11-18T05:41:51
,,2016-11-18T09:27:00,LD-EML_F2_Format2,LD-EML,350,,5000.0,工程,,エピNo.,2016-11-18T09:27:00
,,2016-02-09T08:52:54,LD-EML_F2_Format2,LD-EML,350,,5000.0,工程,,エピNo.,2016-02-09T08:52:54
,,2017-10-14T07:36:00,LD-EML_F2_Format2,LD-EML,350,,5000.0,工程,,エピNo.,2017-10-14T07:36:00
,,2017-10-16T04:34:15,LD-EML_F2_Format2,LD-EML,350,,5000.0,工程,,エピNo.,2017-10-16T04:34:15
,,2017-10-16T08:13:00,LD-EML_F2_Format2,LD-EML,350,,5000.0,工程,,エピNo.,2017-10-16T08:13:00
,,2017-10-16T13:15:06,LD-EML_F2_Format2,LD-EML,350,,5000.0,工程,,エピNo.,2017-10-16T13:15:06
,,2017-10-18T16:04:11,LD-EML_F2_Format2,LD-EML,350,,5000.0,工程,,エピNo.,2017-10-18T16:04:11
,,2017-10-19T05:45:29,LD-EML_F2_Format2,LD-EML,350,,5000.0,工程,,エピNo.,2017-10-19T05:45:29
,,2017-10-19T13:44:48,LD-EML_F2_Format2,LD-EML,350,,5000.0,工程,,エピNo.,2017-10-19T13:44:48
,,2017-10-19T18:03:20,LD-EML_F2_Format2,LD-EML,350,,5000.0,工程,,エピNo.,2017-10-19T18:03:20
,,2017-10-19T22:53:38,LD-EML_F2_Format2,LD-EML,350,,5000.0,工程,,エピNo.,2017-10-19T22:53:38
,,2017-10-20T05:29:21,LD-EML_F2_Format2,LD-EML,350,,5000.0,工程,,エピNo.,2017-10-20T05:29:21
,,2017-10-20T14:15:36,LD-EML_F2_Format2,LD-EML,350,,5000.0,工程,,エピNo.,2017-10-20T14:15:36
,,2017-10-21T15:41:54,LD-EML_F2_Format2,LD-EML,350,,5000.0,工程,,エピNo.,2017-10-21T15:41:54
,,2017-10-21T19:40:44,LD-EML_F2_Format2,LD-EML,350,,5000.0,工程,,エピNo.,2017-10-21T19:40:44
,,2017-12-09T01:11:23,LD-EML_F2_Format2,LD-EML,350,,5000.0,工程,,エピNo.,2017-12-09T01:11:23
,,2017-12-09T06:35:35,LD-EML_F2_Format2,LD-EML,350,,5000.0,工程,,エピNo.,2017-12-09T06:35:35
,,2017-12-09T10:48:06,LD-EML_F2_Format2,LD-EML,350,,5000.0,工程,,エピNo.,2017-12-09T10:48:06
,,2017-12-09T15:59:38,LD-EML_F2_Format2,LD-EML,350,,5000.0,工程,,エピNo.,2017-12-09T15:59:38
,,2017-12-09T20:20:27,LD-EML_F2_Format2,LD-EML,350,,5000.0,工程,,エピNo.,2017-12-09T20:20:27
,,2017-12-10T00:32:56,LD-EML_F2_Format2,LD-EML,350,,5000.0,工程,,エピNo.,2017-12-10T00:32:56
,,2017-12-10T04:32:27,LD-EML_F2_Format2,LD-EML,350,,5000.0,工程,,エピNo.,2017-12-10T04:32:27
,,2017-12-13T18:48:43,LD-EML_F2_Format2,LD-EML,350,,5000.0,工程,,エピNo.,2017-12-13T18:48:43
,,2017-12-13T22:54:15,LD-EML_F2_Format2,LD-EML,350,,5000.0,工程,,エピNo.,2017-12-13T22:54:15
,,2017-12-14T02:56:09,LD-EML_F2_Format2,LD-EML,350,,5000.0,工程,,エピNo.,2017-12-14T02:56:09
,,2017-12-14T06:56:40,LD-EML_F2_Format2,LD-EML,350,,5000.0,工程,,エピNo.,2017-12-14T06:56:40
,,2017-11-26T06:27:35,LD-EML_F2_Format2,LD-EML,350,,5000.0,工程,,エピNo.,2017-11-26T06:27:35
,,2017-11-26T10:28:23,LD-EML_F2_Format2,LD-EML,350,,5000.0,工程,,エピNo.,2017-11-26T10:28:23
,,2017-11-26T17:11:35,LD-EML_F2_Format2,LD-EML,350,,5000.0,工程,,エピNo.,2017-11-26T17:11:35
,,2017-11-27T22:02:05,LD-EML_F2_Format2,LD-EML,350,,5000.0,工程,,エピNo.,2017-11-27T22:02:05
,,2017-11-29T21:38:43,LD-EML_F2_Format2,LD-EML,350,,5000.0,工程,,エピNo.,2017-11-29T21:38:43
,,2017-12-23T13:09:57,LD-EML_F2_Format2,LD-EML,350,,5000.0,工程,,エピNo.,2017-12-23T13:09:57
,,2017-12-23T18:26:53,LD-EML_F2_Format2,LD-EML,350,,5000.0,工程,,エピNo.,2017-12-23T18:26:53
,,2017-12-23T23:23:09,LD-EML_F2_Format2,LD-EML,350,,5000.0,工程,,エピNo.,2017-12-23T23:23:09
,,2017-12-27T14:09:23,LD-EML_F2_Format2,LD-EML,350,,5000.0,工程,,エピNo.,2017-12-27T14:09:23
,,2017-12-27T18:29:47,LD-EML_F2_Format2,LD-EML,350,,5000.0,工程,,エピNo.,2017-12-27T18:29:47
,,2017-12-27T22:45:12,LD-EML_F2_Format2,LD-EML,350,,5000.0,工程,,エピNo.,2017-12-27T22:45:12
,,2017-12-28T02:50:05,LD-EML_F2_Format2,LD-EML,350,,5000.0,工程,,エピNo.,2017-12-28T02:50:05
,,2017-12-28T06:54:40,LD-EML_F2_Format2,LD-EML,350,,5000.0,工程,,エピNo.,2017-12-28T06:54:40
,,2017-12-28T13:07:14,LD-EML_F2_Format2,LD-EML,350,,5000.0,工程,,エピNo.,2017-12-28T13:07:14
,,2017-12-28T17:39:50,LD-EML_F2_Format2,LD-EML,350,,5000.0,工程,,エピNo.,2017-12-28T17:39:50
,,2017-10-24T23:52:48,LD-EML_F2_Format2,LD-EML,350,,5000.0,工程,,エピNo.,2017-10-24T23:52:48
,,2017-10-25T03:56:07,LD-EML_F2_Format2,LD-EML,350,,5000.0,工程,,エピNo.,2017-10-25T03:56:07
,,2017-10-25T08:00:27,LD-EML_F2_Format2,LD-EML,350,,5000.0,工程,,エピNo.,2017-10-25T08:00:27
,,2017-11-13T00:46:14,LD-EML_F2_Format2,LD-EML,350,,5000.0,工程,,エピNo.,2017-11-13T00:46:14
,,2017-11-25T08:31:38,LD-EML_F2_Format2,LD-EML,350,,5000.0,工程,,エピNo.,2017-11-25T08:31:38
,,2017-11-25T12:34:43,LD-EML_F2_Format2,LD-EML,350,,5000.0,工程,,エピNo.,2017-11-25T12:34:43
,,2017-11-25T16:49:41,LD-EML_F2_Format2,LD-EML,350,,5000.0,工程,,エピNo.,2017-11-25T16:49:41
,,2017-10-22T04:03:05,LD-EML_F2_Format2,LD-EML,350,,5000.0,工程,,エピNo.,2017-10-22T04:03:05
,,2017-10-22T17:21:45,LD-EML_F2_Format2,LD-EML,350,,5000.0,工程,,エピNo.,2017-10-22T17:21:45
,,2017-10-29T09:11:07,LD-EML_F2_Format2,LD-EML,350,,5000.0,工程,,エピNo.,2017-10-29T09:11:07
,,2017-10-29T13:48:05,LD-EML_F2_Format2,LD-EML,350,,5000.0,工程,,エピNo.,2017-10-29T13:48:05
,,2017-10-29T21:14:54,LD-EML_F2_Format2,LD-EML,350,,5000.0,工程,,エピNo.,2017-10-29T21:14:54
,,2017-10-30T01:28:43,LD-EML_F2_Format2,LD-EML,350,,5000.0,工程,,エピNo.,2017-10-30T01:28:43
,,2017-10-30T03:50:43,LD-EML_F2_Format2,LD-EML,350,,5000.0,工程,,エピNo.,2017-10-30T03:50:43
,,2017-11-11T14:34:57,LD-EML_F2_Format2,LD-EML,350,,5000.0,工程,,エピNo.,2017-11-11T14:34:57
,,2017-11-11T18:50:55,LD-EML_F2_Format2,LD-EML,350,,5000.0,工程,,エピNo.,2017-11-11T18:50:55
,,2017-11-12T07:12:36,LD-EML_F2_Format2,LD-EML,350,,5000.0,工程,,エピNo.,2017-11-12T07:12:36
,,2017-11-12T12:01:58,LD-EML_F2_Format2,LD-EML,350,,5000.0,工程,,エピNo.,2017-11-12T12:01:58
,,2017-11-12T16:33:49,LD-EML_F2_Format2,LD-EML,350,,5000.0,工程,,エピNo.,2017-11-12T16:33:49
,,2017-12-17T13:01:00,LD-EML_F2_Format2,LD-EML,350,,5000.0,工程,,エピNo.,2017-12-17T13:01:00
,,2017-12-17T17:09:51,LD-EML_F2_Format2,LD-EML,350,,5000.0,工程,,エピNo.,2017-12-17T17:09:51
,,2017-12-21T20:39:09,LD-EML_F2_Format2,LD-EML,350,,5000.0,工程,,エピNo.,2017-12-21T20:39:09
,,2017-12-23T04:44:22,LD-EML_F2_Format2,LD-EML,350,,5000.0,工程,,エピNo.,2017-12-23T04:44:22
,,2017-12-23T08:51:46,LD-EML_F2_Format2,LD-EML,350,,5000.0,工程,,エピNo.,2017-12-23T08:51:46
,,2016-05-24T00:15:57,LD-EML_F2_Format2,LD-EML,350,,5000.0,工程,,エピNo.,2016-05-24T00:15:57
,,2016-05-24T04:13:49,LD-EML_F2_Format2,LD-EML,350,,5000.0,工程,,エピNo.,2016-05-24T04:13:49
,,2016-05-24T08:14:13,LD-EML_F2_Format2,LD-EML,350,,5000.0,工程,,エピNo.,2016-05-24T08:14:13
,,2016-05-24T13:01:48,LD-EML_F2_Format2,LD-EML,350,,5000.0,工程,,エピNo.,2016-05-24T13:01:48
,,2016-05-24T18:03:33,LD-EML_F2_Format2,LD-EML,350,,5000.0,工程,,エピNo.,2016-05-24T18:03:33
,,2016-05-24T21:25:01,LD-EML_F2_Format2,LD-EML,350,,5000.0,工程,,エピNo.,2016-05-24T21:25:01
,,2016-05-25T02:18:51,LD-EML_F2_Format2,LD-EML,350,,5000.0,工程,,エピNo.,2016-05-25T02:18:51
,,2016-05-25T09:27:39,LD-EML_F2_Format2,LD-EML,350,,5000.0,工程,,エピNo.,2016-05-25T09:27:39
,,2016-05-26T01:22:57,LD-EML_F2_Format2,LD-EML,350,,5000.0,工程,,エピNo.,2016-05-26T01:22:57
,,2016-05-26T10:24:39,LD-EML_F2_Format2,LD-EML,350,,5000.0,工程,,エピNo.,2016-05-26T10:24:39
,,2016-05-26T15:53:08,LD-EML_F2_Format2,LD-EML,350,,5000.0,工程,,エピNo.,2016-05-26T15:53:08
,,2016-05-26T18:32:31,LD-EML_F2_Format2,LD-EML,350,,5000.0,工程,,エピNo.,2016-05-26T18:32:31
,,2016-05-26T23:23:56,LD-EML_F2_Format2,LD-EML,350,,5000.0,工程,,エピNo.,2016-05-26T23:23:56
,,2016-05-27T02:46:22,LD-EML_F2_Format2,LD-EML,350,,5000.0,工程,,エピNo.,2016-05-27T02:46:22
,,2016-05-27T07:27:24,LD-EML_F2_Format2,LD-EML,350,,5000.0,工程,,エピNo.,2016-05-27T07:27:24
,,2016-05-27T11:41:59,LD-EML_F2_Format2,LD-EML,350,,5000.0,工程,,エピNo.,2016-05-27T11:41:59
,,2016-05-27T16:31:24,LD-EML_F2_Format2,LD-EML,350,,5000.0,工程,,エピNo.,2016-05-27T16:31:24
,,2016-05-27T20:28:27,LD-EML_F2_Format2,LD-EML,350,,5000.0,工程,,エピNo.,2016-05-27T20:28:27
,,2016-05-28T00:29:57,LD-EML_F2_Format2,LD-EML,350,,5000.0,工程,,エピNo.,2016-05-28T00:29:57
,,2016-07-22T16:35:41,LD-EML_F2_Format2,LD-EML,350,,5000.0,工程,,エピNo.,2016-07-22T16:35:41
,,2016-08-01T20:25:10,LD-EML_F2_Format2,LD-EML,350,,5000.0,工程,,エピNo.,2016-08-01T20:25:10
,,2016-08-02T05:33:53,LD-EML_F2_Format2,LD-EML,350,,5000.0,工程,,エピNo.,2016-08-02T05:33:53
,,2016-08-02T08:31:58,LD-EML_F2_Format2,LD-EML,350,,5000.0,工程,,エピNo.,2016-08-02T08:31:58
,,2016-08-02T13:01:02,LD-EML_F2_Format2,LD-EML,350,,5000.0,工程,,エピNo.,2016-08-02T13:01:02
,,2016-08-02T17:04:46,LD-EML_F2_Format2,LD-EML,350,,5000.0,工程,,エピNo.,2016-08-02T17:04:46
,,2016-08-02T23:34:47,LD-EML_F2_Format2,LD-EML,350,,5000.0,工程,,エピNo.,2016-08-02T23:34:47
,,2016-08-03T13:42:41,LD-EML_F2_Format2,LD-EML,350,,5000.0,工程,,エピNo.,2016-08-03T13:42:41
,,2016-08-03T17:04:03,LD-EML_F2_Format2,LD-EML,350,,5000.0,工程,,エピNo.,2016-08-03T17:04:03
,,2016-08-03T21:26:28,LD-EML_F2_Format2,LD-EML,350,,5000.0,工程,,エピNo.,2016-08-03T21:26:28
,,2016-08-04T01:31:47,LD-EML_F2_Format2,LD-EML,350,,5000.0,工程,,エピNo.,2016-08-04T01:31:47
,,2016-08-04T05:26:08,LD-EML_F2_Format2,LD-EML,350,,5000.0,工程,,エピNo.,2016-08-04T05:26:08
,,2016-08-04T09:11:52,LD-EML_F2_Format2,LD-EML,350,,5000.0,工程,,エピNo.,2016-08-04T09:11:52
,,2016-08-09T01:02:25,LD-EML_F2_Format2,LD-EML,350,,5000.0,工程,,エピNo.,2016-08-09T01:02:25
,,2016-08-09T05:00:09,LD-EML_F2_Format2,LD-EML,350,,5000.0,工程,,エピNo.,2016-08-09T05:00:09
,,2016-08-09T10:23:43,LD-EML_F2_Format2,LD-EML,350,,5000.0,工程,,エピNo.,2016-08-09T10:23:43
,,2016-08-19T10:31:03,LD-EML_F2_Format2,LD-EML,350,,5000.0,工程,,エピNo.,2016-08-19T10:31:03
,,2016-09-20T14:22:10,LD-EML_F2_Format2,LD-EML,350,,5000.0,工程,,エピNo.,2016-09-20T14:22:10
,,2016-09-20T18:21:51,LD-EML_F2_Format2,LD-EML,350,,5000.0,工程,,エピNo.,2016-09-20T18:21:51
,,2016-09-20T22:42:34,LD-EML_F2_Format2,LD-EML,350,,5000.0,工程,,エピNo.,2016-09-20T22:42:34
,,2016-10-07T01:07:02,LD-EML_F2_Format2,LD-EML,350,,5000.0,工程,,エピNo.,2016-10-07T01:07:02
